  [
  {
    "name": "FIB",
    "credits": 250,
    "groupTypes": [
        "problems",
        "laboratory",
        "laboratoryPC",
        "theory"
    ],
    "subjects":
    [
      {
        "name": "PROP",
        "credits": 6.5,
        "semester": 5,
        "mandatory": true,
        "speciality": null
      },
      {
        "name": "IDI",
        "credits": 6.5,
        "semester": 4,
        "mandatory": true,
        "speciality": "computing"
      }
    ],
    "groups":
    [
      {
        "name": "10",
        "types":
          [
            "theory"
          ],
        "level": 0,
        "nameParent": null,
        "duration": 2,
        "capacity": 60,
        "subject": "IDI"
      },
      {
        "name": "11",
        "types":
          [
            "laboratoryPC"
          ],
        "level": 1,
        "nameParent": "10",
        "duration": 2,
        "capacity": 20,
        "subject": "IDI"
      },
      {
        "name": "12",
        "types":
          [
              "laboratoryPC"
          ],
        "level": 1,
        "nameParent": "10",
        "duration": 2,
        "capacity": 20,
        "subject": "IDI"
      },
      {
        "name": "13",
        "types":
          [
              "laboratoryPC"
          ],
        "level": 1,
        "nameParent": "10",
        "duration": 2,
        "capacity": 20,
        "subject": "IDI"
      },


      {
        "name": "40",
        "types":
          [
            "theory"
          ],
        "level": 0,
        "nameParent": null,
        "duration": 2,
        "capacity": 60,
        "subject": "PROP"
      },
      {
        "name": "43",
        "types":
          [
            "laboratory"
          ],
        "level": 1,
        "nameParent": "40",
        "duration": 2,
        "capacity": 30,
        "subject": "PROP"
      },
      {
        "name": "44",
        "types":
          [
            "laboratory"
          ],
        "level": 1,
        "nameParent": "40",
        "duration": 2,
        "capacity": 30,
        "subject": "PROP"
      }
    ],
    "classrooms":
    [

       {
        "name": "C6S303",
        "capacity": 15,
        "extras":
        [
          "computers",
          "projector",
          "disabled_access",
          "A/C",
          "heating"
        ]
      },
      {
        "name": "C6S304",
        "capacity": 10,
        "extras":
        [
          "computers",
          "disabled_access",
          "A/C",
          "heating"
        ]
      },
      {
        "name": "C6S306",
        "capacity": 20,
        "extras":
        [
          "computers",
          "projector",
          "disabled_access",
          "A/C",
          "heating"
        ]
      },	
      {
        "name": "A6001",
        "capacity": 100,
        "extras":
        [
          "projector",
          "disabled_access"
        ]
      },
      {
        "name": "A6002",
        "capacity": 100,
        "extras":
        [
          "projector",
          "disabled_access"
        ]
      },
      {
        "name": "A6E01",
        "capacity": 80,
        "extras":
        [
          "projector",
          "disabled_access",
          "fans"
        ]
      },
      {
        "name": "A6E02",
        "capacity": 80,
        "extras":
        [
          "projector",
          "disabled_access",
          "fans"
        ]
      }
    ]
  }
]
